module	srcLine	mutation	verdict	method
dev/cajeta/logging/CapturingAppender.ll	17	ne->eq	skipped-uncovered	dev.cajeta.logging.CapturingAppender::CapturingAppender(this:pointer)
dev/cajeta/logging/CapturingAppender.ll	0	eq->ne	killed	dev.cajeta.logging.CapturingAppender::__cajeta_inject()
dev/cajeta/logging/CapturingAppender.ll	0	eq->ne	SURVIVED	dev.cajeta.logging.CapturingAppender::__cajeta_inject()
dev/cajeta/logging/CompositeAppender.ll	20	ne->eq	SURVIVED	dev.cajeta.logging.CompositeAppender::CompositeAppender(this:pointer)
dev/cajeta/logging/CompositeAppender.ll	33	slt->sle	killed	dev.cajeta.logging.CompositeAppender::append(this:pointer,line:int8[])
dev/cajeta/logging/CompositeAppender.ll	37	slt->sle	killed	dev.cajeta.logging.CompositeAppender::append(this:pointer,line:int8[])
dev/cajeta/logging/CompositeAppender.ll	38	uge->ugt	SURVIVED	dev.cajeta.logging.CompositeAppender::append(this:pointer,line:int8[])
dev/cajeta/logging/CompositeAppender.ll	42	uge->ugt	SURVIVED	dev.cajeta.logging.CompositeAppender::append(this:pointer,line:int8[])
dev/cajeta/logging/FileAppender.ll	32	ne->eq	skipped-uncovered	dev.cajeta.logging.FileAppender::FileAppender(this:pointer)
dev/cajeta/logging/FileAppender.ll	25	ne->eq	SURVIVED	dev.cajeta.logging.FileAppender::FileAppender(this:pointer,path:cajeta.lang.String,mode:cajeta.io.file.OpenMode)
dev/cajeta/logging/JsonlEncoder.ll	21	ne->eq	killed	dev.cajeta.logging.JsonlEncoder::encode(this:pointer,r:dev.cajeta.logging.LogRecord)
dev/cajeta/logging/JsonlEncoder.ll	29	slt->sle	killed	dev.cajeta.logging.JsonlEncoder::encode(this:pointer,r:dev.cajeta.logging.LogRecord)
dev/cajeta/logging/JsonlEncoder.ll	31	eq->ne	killed	dev.cajeta.logging.JsonlEncoder::encode(this:pointer,r:dev.cajeta.logging.LogRecord)
dev/cajeta/logging/JsonlEncoder.ll	43	ne->eq	killed	dev.cajeta.logging.JsonlEncoder::encode(this:pointer,r:dev.cajeta.logging.LogRecord)
dev/cajeta/logging/JsonlEncoder.ll	32	ne->eq	killed	dev.cajeta.logging.JsonlEncoder::encode(this:pointer,r:dev.cajeta.logging.LogRecord)
dev/cajeta/logging/JsonlEncoder.ll	32	eq->ne	killed	dev.cajeta.logging.JsonlEncoder::encode(this:pointer,r:dev.cajeta.logging.LogRecord)
dev/cajeta/logging/JsonlEncoder.ll	34	ne->eq	killed	dev.cajeta.logging.JsonlEncoder::encode(this:pointer,r:dev.cajeta.logging.LogRecord)
dev/cajeta/logging/JsonlEncoder.ll	34	eq->ne	killed	dev.cajeta.logging.JsonlEncoder::encode(this:pointer,r:dev.cajeta.logging.LogRecord)
dev/cajeta/logging/JsonlEncoder.ll	36	ne->eq	killed	dev.cajeta.logging.JsonlEncoder::encode(this:pointer,r:dev.cajeta.logging.LogRecord)
dev/cajeta/logging/JsonlEncoder.ll	38	ne->eq	skipped-uncovered	dev.cajeta.logging.JsonlEncoder::encode(this:pointer,r:dev.cajeta.logging.LogRecord)
dev/cajeta/logging/JsonlEncoder.ll	0	eq->ne	SURVIVED	dev.cajeta.logging.JsonlEncoder::__cajeta_inject()
dev/cajeta/logging/JsonlEncoder.ll	0	eq->ne	SURVIVED	dev.cajeta.logging.JsonlEncoder::__cajeta_inject()
dev/cajeta/logging/Levels.ll	27	eq->ne	killed	dev.cajeta.logging.Levels::name(l:dev.cajeta.logging.Level)
dev/cajeta/logging/Levels.ll	28	eq->ne	skipped-uncovered	dev.cajeta.logging.Levels::name(l:dev.cajeta.logging.Level)
dev/cajeta/logging/Levels.ll	30	eq->ne	skipped-uncovered	dev.cajeta.logging.Levels::name(l:dev.cajeta.logging.Level)
dev/cajeta/logging/Levels.ll	32	eq->ne	killed	dev.cajeta.logging.Levels::name(l:dev.cajeta.logging.Level)
dev/cajeta/logging/Levels.ll	34	eq->ne	SURVIVED	dev.cajeta.logging.Levels::name(l:dev.cajeta.logging.Level)
dev/cajeta/logging/Levels.ll	11	eq->ne	killed	dev.cajeta.logging.Levels::severity(l:dev.cajeta.logging.Level)
dev/cajeta/logging/Levels.ll	12	eq->ne	skipped-uncovered	dev.cajeta.logging.Levels::severity(l:dev.cajeta.logging.Level)
dev/cajeta/logging/Levels.ll	14	eq->ne	killed	dev.cajeta.logging.Levels::severity(l:dev.cajeta.logging.Level)
dev/cajeta/logging/Levels.ll	16	eq->ne	SURVIVED	dev.cajeta.logging.Levels::severity(l:dev.cajeta.logging.Level)
dev/cajeta/logging/Levels.ll	18	eq->ne	SURVIVED	dev.cajeta.logging.Levels::severity(l:dev.cajeta.logging.Level)
dev/cajeta/logging/LogField.ll	22	ne->eq	SURVIVED	dev.cajeta.logging.LogField::LogField(this:pointer,kind:int32,key:cajeta.lang.String)
dev/cajeta/logging/LogfmtEncoder.ll	18	ule->ult	SURVIVED	dev.cajeta.logging.LogfmtEncoder::encode(this:pointer,r:dev.cajeta.logging.LogRecord)
dev/cajeta/logging/LogfmtEncoder.ll	18	ule->ult	SURVIVED	dev.cajeta.logging.LogfmtEncoder::encode(this:pointer,r:dev.cajeta.logging.LogRecord)
dev/cajeta/logging/LogfmtEncoder.ll	18	ule->ult	SURVIVED	dev.cajeta.logging.LogfmtEncoder::encode(this:pointer,r:dev.cajeta.logging.LogRecord)
dev/cajeta/logging/LogfmtEncoder.ll	18	ule->ult	SURVIVED	dev.cajeta.logging.LogfmtEncoder::encode(this:pointer,r:dev.cajeta.logging.LogRecord)
dev/cajeta/logging/LogfmtEncoder.ll	18	ule->ult	SURVIVED	dev.cajeta.logging.LogfmtEncoder::encode(this:pointer,r:dev.cajeta.logging.LogRecord)
dev/cajeta/logging/LogfmtEncoder.ll	18	ule->ult	SURVIVED	dev.cajeta.logging.LogfmtEncoder::encode(this:pointer,r:dev.cajeta.logging.LogRecord)
dev/cajeta/logging/LogfmtEncoder.ll	18	ule->ult	SURVIVED	dev.cajeta.logging.LogfmtEncoder::encode(this:pointer,r:dev.cajeta.logging.LogRecord)
dev/cajeta/logging/LogfmtEncoder.ll	18	ule->ult	SURVIVED	dev.cajeta.logging.LogfmtEncoder::encode(this:pointer,r:dev.cajeta.logging.LogRecord)
dev/cajeta/logging/LogfmtEncoder.ll	18	ule->ult	SURVIVED	dev.cajeta.logging.LogfmtEncoder::encode(this:pointer,r:dev.cajeta.logging.LogRecord)
dev/cajeta/logging/LogfmtEncoder.ll	18	ule->ult	SURVIVED	dev.cajeta.logging.LogfmtEncoder::encode(this:pointer,r:dev.cajeta.logging.LogRecord)
dev/cajeta/logging/LogfmtEncoder.ll	18	ule->ult	SURVIVED	dev.cajeta.logging.LogfmtEncoder::encode(this:pointer,r:dev.cajeta.logging.LogRecord)
dev/cajeta/logging/LogfmtEncoder.ll	18	ule->ult	SURVIVED	dev.cajeta.logging.LogfmtEncoder::encode(this:pointer,r:dev.cajeta.logging.LogRecord)
dev/cajeta/logging/LogfmtEncoder.ll	18	ule->ult	SURVIVED	dev.cajeta.logging.LogfmtEncoder::encode(this:pointer,r:dev.cajeta.logging.LogRecord)
dev/cajeta/logging/LogfmtEncoder.ll	18	ule->ult	SURVIVED	dev.cajeta.logging.LogfmtEncoder::encode(this:pointer,r:dev.cajeta.logging.LogRecord)
dev/cajeta/logging/LogfmtEncoder.ll	18	ule->ult	SURVIVED	dev.cajeta.logging.LogfmtEncoder::encode(this:pointer,r:dev.cajeta.logging.LogRecord)
dev/cajeta/logging/LogfmtEncoder.ll	18	ule->ult	SURVIVED	dev.cajeta.logging.LogfmtEncoder::encode(this:pointer,r:dev.cajeta.logging.LogRecord)
dev/cajeta/logging/LogfmtEncoder.ll	18	ule->ult	SURVIVED	dev.cajeta.logging.LogfmtEncoder::encode(this:pointer,r:dev.cajeta.logging.LogRecord)
dev/cajeta/logging/LogfmtEncoder.ll	18	ule->ult	SURVIVED	dev.cajeta.logging.LogfmtEncoder::encode(this:pointer,r:dev.cajeta.logging.LogRecord)
dev/cajeta/logging/LogfmtEncoder.ll	18	ule->ult	SURVIVED	dev.cajeta.logging.LogfmtEncoder::encode(this:pointer,r:dev.cajeta.logging.LogRecord)
dev/cajeta/logging/LogfmtEncoder.ll	18	ule->ult	SURVIVED	dev.cajeta.logging.LogfmtEncoder::encode(this:pointer,r:dev.cajeta.logging.LogRecord)
dev/cajeta/logging/LogfmtEncoder.ll	18	ule->ult	SURVIVED	dev.cajeta.logging.LogfmtEncoder::encode(this:pointer,r:dev.cajeta.logging.LogRecord)
dev/cajeta/logging/LogfmtEncoder.ll	25	slt->sle	killed	dev.cajeta.logging.LogfmtEncoder::encode(this:pointer,r:dev.cajeta.logging.LogRecord)
dev/cajeta/logging/LogfmtEncoder.ll	27	ule->ult	SURVIVED	dev.cajeta.logging.LogfmtEncoder::encode(this:pointer,r:dev.cajeta.logging.LogRecord)
dev/cajeta/logging/LogfmtEncoder.ll	27	ule->ult	SURVIVED	dev.cajeta.logging.LogfmtEncoder::encode(this:pointer,r:dev.cajeta.logging.LogRecord)
dev/cajeta/logging/LogfmtEncoder.ll	27	ule->ult	SURVIVED	dev.cajeta.logging.LogfmtEncoder::encode(this:pointer,r:dev.cajeta.logging.LogRecord)
dev/cajeta/logging/LogfmtEncoder.ll	31	ule->ult	SURVIVED	dev.cajeta.logging.LogfmtEncoder::encode(this:pointer,r:dev.cajeta.logging.LogRecord)
dev/cajeta/logging/LogfmtEncoder.ll	31	ule->ult	SURVIVED	dev.cajeta.logging.LogfmtEncoder::encode(this:pointer,r:dev.cajeta.logging.LogRecord)
dev/cajeta/logging/LogfmtEncoder.ll	31	ule->ult	SURVIVED	dev.cajeta.logging.LogfmtEncoder::encode(this:pointer,r:dev.cajeta.logging.LogRecord)
dev/cajeta/logging/LogfmtEncoder.ll	31	ule->ult	SURVIVED	dev.cajeta.logging.LogfmtEncoder::encode(this:pointer,r:dev.cajeta.logging.LogRecord)
dev/cajeta/logging/LogfmtEncoder.ll	31	ule->ult	SURVIVED	dev.cajeta.logging.LogfmtEncoder::encode(this:pointer,r:dev.cajeta.logging.LogRecord)
dev/cajeta/logging/LogfmtEncoder.ll	31	ule->ult	SURVIVED	dev.cajeta.logging.LogfmtEncoder::encode(this:pointer,r:dev.cajeta.logging.LogRecord)
dev/cajeta/logging/LogfmtEncoder.ll	31	ule->ult	SURVIVED	dev.cajeta.logging.LogfmtEncoder::encode(this:pointer,r:dev.cajeta.logging.LogRecord)
dev/cajeta/logging/LogfmtEncoder.ll	31	ule->ult	SURVIVED	dev.cajeta.logging.LogfmtEncoder::encode(this:pointer,r:dev.cajeta.logging.LogRecord)
dev/cajeta/logging/LogfmtEncoder.ll	31	ule->ult	SURVIVED	dev.cajeta.logging.LogfmtEncoder::encode(this:pointer,r:dev.cajeta.logging.LogRecord)
dev/cajeta/logging/LogFmt.ll	21	slt->sle	killed	dev.cajeta.logging.LogFmt::bytesOf(s:cajeta.lang.String)
dev/cajeta/logging/LogFmt.ll	22	uge->ugt	SURVIVED	dev.cajeta.logging.LogFmt::bytesOf(s:cajeta.lang.String)
dev/cajeta/logging/LogFmt.ll	45	eq->ne	killed	dev.cajeta.logging.LogFmt::fieldValue(f:dev.cajeta.logging.LogField)
dev/cajeta/logging/LogFmt.ll	46	eq->ne	killed	dev.cajeta.logging.LogFmt::fieldValue(f:dev.cajeta.logging.LogField)
dev/cajeta/logging/LogFmt.ll	48	eq->ne	killed	dev.cajeta.logging.LogFmt::fieldValue(f:dev.cajeta.logging.LogField)
dev/cajeta/logging/LogFmt.ll	30	eq->ne	killed	dev.cajeta.logging.LogFmt::needsQuote(v:cajeta.lang.String)
dev/cajeta/logging/LogFmt.ll	38	ule->ult	SURVIVED	dev.cajeta.logging.LogFmt::quote(v:cajeta.lang.String)
dev/cajeta/logging/LogFmt.ll	38	ule->ult	killed	dev.cajeta.logging.LogFmt::quote(v:cajeta.lang.String)
dev/cajeta/logging/LogFmt.ll	38	ule->ult	SURVIVED	dev.cajeta.logging.LogFmt::quote(v:cajeta.lang.String)
dev/cajeta/logging/LogFmt.ll	40	ule->ult	SURVIVED	dev.cajeta.logging.LogFmt::quote(v:cajeta.lang.String)
dev/cajeta/logging/LogFmt.ll	40	ule->ult	SURVIVED	dev.cajeta.logging.LogFmt::quote(v:cajeta.lang.String)
dev/cajeta/logging/LogFmt.ll	40	ule->ult	SURVIVED	dev.cajeta.logging.LogFmt::quote(v:cajeta.lang.String)
dev/cajeta/logging/LogFmt.ll	40	ule->ult	SURVIVED	dev.cajeta.logging.LogFmt::quote(v:cajeta.lang.String)
dev/cajeta/logging/LogFmt.ll	40	ule->ult	SURVIVED	dev.cajeta.logging.LogFmt::quote(v:cajeta.lang.String)
dev/cajeta/logging/LogFmt.ll	40	ule->ult	SURVIVED	dev.cajeta.logging.LogFmt::quote(v:cajeta.lang.String)
dev/cajeta/logging/LoggerFactory.ll	0	eq->ne	killed	dev.cajeta.logging.LoggerFactory::__cajeta_inject()
dev/cajeta/logging/LoggerFactory.ll	0	eq->ne	SURVIVED	dev.cajeta.logging.LoggerFactory::__cajeta_inject()
dev/cajeta/logging/Logger.ll	32	ne->eq	SURVIVED	dev.cajeta.logging.Logger::Logger(threshold:dev.cajeta.logging.Level,this:pointer,name:cajeta.lang.String,encoder:dev.cajeta.logging.LogEncoder,appender:dev.cajeta.logging.Appender)
dev/cajeta/logging/Logger.ll	34	eq->ne	SURVIVED	dev.cajeta.logging.Logger::Logger(threshold:dev.cajeta.logging.Level,this:pointer,name:cajeta.lang.String,encoder:dev.cajeta.logging.LogEncoder,appender:dev.cajeta.logging.Appender)
dev/cajeta/logging/Logger.ll	35	eq->ne	SURVIVED	dev.cajeta.logging.Logger::Logger(threshold:dev.cajeta.logging.Level,this:pointer,name:cajeta.lang.String,encoder:dev.cajeta.logging.LogEncoder,appender:dev.cajeta.logging.Appender)
dev/cajeta/logging/Logger.ll	50	sge->sgt	killed	dev.cajeta.logging.Logger::emit(this:pointer,r:dev.cajeta.logging.LogRecord)
dev/cajeta/logging/Logger.ll	40	sge->sgt	killed	dev.cajeta.logging.Logger::enabled(this:pointer,l:dev.cajeta.logging.Level)
dev/cajeta/logging/Logger.ll	77	sge->sgt	killed	dev.cajeta.logging.Logger::logMsg(this:pointer,msg:cajeta.lang.String,l:dev.cajeta.logging.Level)
dev/cajeta/logging/Log.ll	44	ne->eq	skipped-uncovered	dev.cajeta.logging.Log::demo()
dev/cajeta/logging/LogRecord.ll	30	ne->eq	SURVIVED	dev.cajeta.logging.LogRecord::LogRecord(ts:int64,this:pointer,msg:cajeta.lang.String,logger:cajeta.lang.String,level:dev.cajeta.logging.Level)
dev/cajeta/logging/LogRecord.ll	31	ne->eq	SURVIVED	dev.cajeta.logging.LogRecord::LogRecord(ts:int64,this:pointer,msg:cajeta.lang.String,logger:cajeta.lang.String,level:dev.cajeta.logging.Level)
dev/cajeta/logging/LogRecord.ll	32	ne->eq	SURVIVED	dev.cajeta.logging.LogRecord::LogRecord(ts:int64,this:pointer,msg:cajeta.lang.String,logger:cajeta.lang.String,level:dev.cajeta.logging.Level)
dev/cajeta/logging/LogRecord.ll	38	ne->eq	SURVIVED	dev.cajeta.logging.LogRecord::str(value:cajeta.lang.String,this:pointer,key:cajeta.lang.String)
dev/cajeta/logging/selftest/AppenderTest.ll	66	ne->eq	killed	dev.cajeta.logging.selftest.AppenderTest::compositeAppenderFansOutToEverySink(this:pointer)
dev/cajeta/logging/selftest/AppenderTest.ll	67	ne->eq	killed	dev.cajeta.logging.selftest.AppenderTest::compositeAppenderFansOutToEverySink(this:pointer)
dev/cajeta/logging/selftest/AppenderTest.ll	75	ne->eq	SURVIVED	dev.cajeta.logging.selftest.AppenderTest::compositeAppenderFansOutToEverySink(this:pointer)
dev/cajeta/logging/selftest/AppenderTest.ll	76	ne->eq	SURVIVED	dev.cajeta.logging.selftest.AppenderTest::compositeAppenderFansOutToEverySink(this:pointer)
dev/cajeta/logging/selftest/AppenderTest.ll	54	ne->eq	SURVIVED	dev.cajeta.logging.selftest.AppenderTest::fileAppenderGatesBelowThreshold(this:pointer)
dev/cajeta/logging/selftest/AppenderTest.ll	36	ne->eq	SURVIVED	dev.cajeta.logging.selftest.AppenderTest::fileAppenderWritesOneJsonlLinePerRecord(this:pointer)
dev/cajeta/logging/selftest/AppenderTest.ll	37	ne->eq	SURVIVED	dev.cajeta.logging.selftest.AppenderTest::fileAppenderWritesOneJsonlLinePerRecord(this:pointer)
dev/cajeta/logging/selftest/AppenderTest.ll	39	ne->eq	SURVIVED	dev.cajeta.logging.selftest.AppenderTest::fileAppenderWritesOneJsonlLinePerRecord(this:pointer)
dev/cajeta/logging/selftest/DiLoggingTest.ll	28	ne->eq	SURVIVED	dev.cajeta.logging.selftest.DiLoggingTest::factoryLoggerCapturesViaTestComponent(this:pointer)
dev/cajeta/logging/selftest/DiLoggingTest.ll	29	ne->eq	SURVIVED	dev.cajeta.logging.selftest.DiLoggingTest::factoryLoggerCapturesViaTestComponent(this:pointer)
dev/cajeta/logging/selftest/DiLoggingTest.ll	39	ne->eq	SURVIVED	dev.cajeta.logging.selftest.DiLoggingTest::factoryLoggerRespectsThreshold(this:pointer)
dev/cajeta/logging/selftest/DiLoggingTest.ll	41	ne->eq	SURVIVED	dev.cajeta.logging.selftest.DiLoggingTest::factoryLoggerRespectsThreshold(this:pointer)
dev/cajeta/logging/selftest/EncoderTest.ll	90	ne->eq	killed	dev.cajeta.logging.selftest.EncoderTest::logfmtEscapesQuotesInValues(this:pointer)
dev/cajeta/logging/selftest/EncoderTest.ll	94	ne->eq	SURVIVED	dev.cajeta.logging.selftest.EncoderTest::logfmtEscapesQuotesInValues(this:pointer)
dev/cajeta/logging/selftest/EncoderTest.ll	75	ne->eq	killed	dev.cajeta.logging.selftest.EncoderTest::logfmtRendersReservedKeysThenFields(this:pointer)
dev/cajeta/logging/selftest/EncoderTest.ll	78	ne->eq	SURVIVED	dev.cajeta.logging.selftest.EncoderTest::logfmtRendersReservedKeysThenFields(this:pointer)
dev/cajeta/logging/selftest/EncoderTest.ll	79	ne->eq	SURVIVED	dev.cajeta.logging.selftest.EncoderTest::logfmtRendersReservedKeysThenFields(this:pointer)
dev/cajeta/logging/selftest/EncoderTest.ll	80	ne->eq	SURVIVED	dev.cajeta.logging.selftest.EncoderTest::logfmtRendersReservedKeysThenFields(this:pointer)
dev/cajeta/logging/selftest/EncoderTest.ll	81	ne->eq	SURVIVED	dev.cajeta.logging.selftest.EncoderTest::logfmtRendersReservedKeysThenFields(this:pointer)
dev/cajeta/logging/selftest/EncoderTest.ll	82	ne->eq	SURVIVED	dev.cajeta.logging.selftest.EncoderTest::logfmtRendersReservedKeysThenFields(this:pointer)
dev/cajeta/logging/selftest/EncoderTest.ll	83	ne->eq	SURVIVED	dev.cajeta.logging.selftest.EncoderTest::logfmtRendersReservedKeysThenFields(this:pointer)
dev/cajeta/logging/selftest/EncoderTest.ll	66	ne->eq	SURVIVED	dev.cajeta.logging.selftest.EncoderTest::textPadsShortLevels(this:pointer)
dev/cajeta/logging/selftest/EncoderTest.ll	53	ne->eq	killed	dev.cajeta.logging.selftest.EncoderTest::textQuotesFieldValuesWithSpaces(this:pointer)
dev/cajeta/logging/selftest/EncoderTest.ll	56	ne->eq	SURVIVED	dev.cajeta.logging.selftest.EncoderTest::textQuotesFieldValuesWithSpaces(this:pointer)
dev/cajeta/logging/selftest/EncoderTest.ll	40	ne->eq	killed	dev.cajeta.logging.selftest.EncoderTest::textRendersLevelLoggerMsgAndFields(this:pointer)
dev/cajeta/logging/selftest/EncoderTest.ll	43	ne->eq	SURVIVED	dev.cajeta.logging.selftest.EncoderTest::textRendersLevelLoggerMsgAndFields(this:pointer)
dev/cajeta/logging/selftest/EncoderTest.ll	44	ne->eq	SURVIVED	dev.cajeta.logging.selftest.EncoderTest::textRendersLevelLoggerMsgAndFields(this:pointer)
dev/cajeta/logging/selftest/EncoderTest.ll	45	ne->eq	SURVIVED	dev.cajeta.logging.selftest.EncoderTest::textRendersLevelLoggerMsgAndFields(this:pointer)
dev/cajeta/logging/selftest/EncoderTest.ll	46	ne->eq	SURVIVED	dev.cajeta.logging.selftest.EncoderTest::textRendersLevelLoggerMsgAndFields(this:pointer)
dev/cajeta/logging/selftest/LoggedAnnotationTest.ll	51	ne->eq	SURVIVED	dev.cajeta.logging.selftest.LoggedAnnotationTest::logFieldIsNamedForAnnotatedClass(this:pointer)
dev/cajeta/logging/selftest/LoggedReflectionDiscoveryTest.ll	30	ne->eq	SURVIVED	dev.cajeta.logging.selftest.LoggedReflectionDiscoveryTest::logIsInitializedOnReflectivelyDiscoveredClass(this:pointer)
dev/cajeta/logging/selftest/LoggingTest.ll	44	ne->eq	SURVIVED	dev.cajeta.logging.selftest.LoggingTest::belowThresholdIsGatedOut(this:pointer)
dev/cajeta/logging/selftest/LoggingTest.ll	46	ne->eq	SURVIVED	dev.cajeta.logging.selftest.LoggingTest::belowThresholdIsGatedOut(this:pointer)
dev/cajeta/logging/selftest/LoggingTest.ll	56	ne->eq	killed	dev.cajeta.logging.selftest.LoggingTest::fieldsRenderAfterReservedKeys(this:pointer)
dev/cajeta/logging/selftest/LoggingTest.ll	57	ne->eq	killed	dev.cajeta.logging.selftest.LoggingTest::fieldsRenderAfterReservedKeys(this:pointer)
dev/cajeta/logging/selftest/LoggingTest.ll	58	ne->eq	killed	dev.cajeta.logging.selftest.LoggingTest::fieldsRenderAfterReservedKeys(this:pointer)
dev/cajeta/logging/selftest/LoggingTest.ll	60	ne->eq	SURVIVED	dev.cajeta.logging.selftest.LoggingTest::fieldsRenderAfterReservedKeys(this:pointer)
dev/cajeta/logging/selftest/LoggingTest.ll	62	ne->eq	SURVIVED	dev.cajeta.logging.selftest.LoggingTest::fieldsRenderAfterReservedKeys(this:pointer)
dev/cajeta/logging/selftest/LoggingTest.ll	63	ne->eq	SURVIVED	dev.cajeta.logging.selftest.LoggingTest::fieldsRenderAfterReservedKeys(this:pointer)
dev/cajeta/logging/selftest/LoggingTest.ll	64	ne->eq	SURVIVED	dev.cajeta.logging.selftest.LoggingTest::fieldsRenderAfterReservedKeys(this:pointer)
dev/cajeta/logging/selftest/LoggingTest.ll	30	ne->eq	SURVIVED	dev.cajeta.logging.selftest.LoggingTest::infoLineIsCapturedAsJsonl(this:pointer)
dev/cajeta/logging/selftest/LoggingTest.ll	32	ne->eq	SURVIVED	dev.cajeta.logging.selftest.LoggingTest::infoLineIsCapturedAsJsonl(this:pointer)
dev/cajeta/logging/selftest/LoggingTest.ll	33	ne->eq	SURVIVED	dev.cajeta.logging.selftest.LoggingTest::infoLineIsCapturedAsJsonl(this:pointer)
dev/cajeta/logging/selftest/LoggingTest.ll	34	ne->eq	SURVIVED	dev.cajeta.logging.selftest.LoggingTest::infoLineIsCapturedAsJsonl(this:pointer)
dev/cajeta/logging/TextEncoder.ll	22	ule->ult	SURVIVED	dev.cajeta.logging.TextEncoder::encode(this:pointer,r:dev.cajeta.logging.LogRecord)
dev/cajeta/logging/TextEncoder.ll	22	ule->ult	SURVIVED	dev.cajeta.logging.TextEncoder::encode(this:pointer,r:dev.cajeta.logging.LogRecord)
dev/cajeta/logging/TextEncoder.ll	22	ule->ult	SURVIVED	dev.cajeta.logging.TextEncoder::encode(this:pointer,r:dev.cajeta.logging.LogRecord)
dev/cajeta/logging/TextEncoder.ll	22	ule->ult	SURVIVED	dev.cajeta.logging.TextEncoder::encode(this:pointer,r:dev.cajeta.logging.LogRecord)
dev/cajeta/logging/TextEncoder.ll	22	ule->ult	SURVIVED	dev.cajeta.logging.TextEncoder::encode(this:pointer,r:dev.cajeta.logging.LogRecord)
dev/cajeta/logging/TextEncoder.ll	22	ule->ult	SURVIVED	dev.cajeta.logging.TextEncoder::encode(this:pointer,r:dev.cajeta.logging.LogRecord)
dev/cajeta/logging/TextEncoder.ll	22	ule->ult	SURVIVED	dev.cajeta.logging.TextEncoder::encode(this:pointer,r:dev.cajeta.logging.LogRecord)
dev/cajeta/logging/TextEncoder.ll	22	ule->ult	SURVIVED	dev.cajeta.logging.TextEncoder::encode(this:pointer,r:dev.cajeta.logging.LogRecord)
dev/cajeta/logging/TextEncoder.ll	22	ule->ult	SURVIVED	dev.cajeta.logging.TextEncoder::encode(this:pointer,r:dev.cajeta.logging.LogRecord)
dev/cajeta/logging/TextEncoder.ll	22	ule->ult	SURVIVED	dev.cajeta.logging.TextEncoder::encode(this:pointer,r:dev.cajeta.logging.LogRecord)
dev/cajeta/logging/TextEncoder.ll	22	ule->ult	SURVIVED	dev.cajeta.logging.TextEncoder::encode(this:pointer,r:dev.cajeta.logging.LogRecord)
dev/cajeta/logging/TextEncoder.ll	22	ule->ult	SURVIVED	dev.cajeta.logging.TextEncoder::encode(this:pointer,r:dev.cajeta.logging.LogRecord)
dev/cajeta/logging/TextEncoder.ll	22	ule->ult	SURVIVED	dev.cajeta.logging.TextEncoder::encode(this:pointer,r:dev.cajeta.logging.LogRecord)
dev/cajeta/logging/TextEncoder.ll	22	ule->ult	SURVIVED	dev.cajeta.logging.TextEncoder::encode(this:pointer,r:dev.cajeta.logging.LogRecord)
dev/cajeta/logging/TextEncoder.ll	22	ule->ult	killed	dev.cajeta.logging.TextEncoder::encode(this:pointer,r:dev.cajeta.logging.LogRecord)
dev/cajeta/logging/TextEncoder.ll	22	ule->ult	killed	dev.cajeta.logging.TextEncoder::encode(this:pointer,r:dev.cajeta.logging.LogRecord)
dev/cajeta/logging/TextEncoder.ll	22	ule->ult	killed	dev.cajeta.logging.TextEncoder::encode(this:pointer,r:dev.cajeta.logging.LogRecord)
dev/cajeta/logging/TextEncoder.ll	22	ule->ult	SURVIVED	dev.cajeta.logging.TextEncoder::encode(this:pointer,r:dev.cajeta.logging.LogRecord)
dev/cajeta/logging/TextEncoder.ll	28	sgt->sge	SURVIVED	dev.cajeta.logging.TextEncoder::encode(this:pointer,r:dev.cajeta.logging.LogRecord)
dev/cajeta/logging/TextEncoder.ll	30	ule->ult	SURVIVED	dev.cajeta.logging.TextEncoder::encode(this:pointer,r:dev.cajeta.logging.LogRecord)
dev/cajeta/logging/TextEncoder.ll	30	ule->ult	SURVIVED	dev.cajeta.logging.TextEncoder::encode(this:pointer,r:dev.cajeta.logging.LogRecord)
dev/cajeta/logging/TextEncoder.ll	30	ule->ult	SURVIVED	dev.cajeta.logging.TextEncoder::encode(this:pointer,r:dev.cajeta.logging.LogRecord)
dev/cajeta/logging/TextEncoder.ll	32	slt->sle	killed	dev.cajeta.logging.TextEncoder::encode(this:pointer,r:dev.cajeta.logging.LogRecord)
dev/cajeta/logging/TextEncoder.ll	34	ule->ult	SURVIVED	dev.cajeta.logging.TextEncoder::encode(this:pointer,r:dev.cajeta.logging.LogRecord)
dev/cajeta/logging/TextEncoder.ll	34	ule->ult	SURVIVED	dev.cajeta.logging.TextEncoder::encode(this:pointer,r:dev.cajeta.logging.LogRecord)
dev/cajeta/logging/TextEncoder.ll	34	ule->ult	SURVIVED	dev.cajeta.logging.TextEncoder::encode(this:pointer,r:dev.cajeta.logging.LogRecord)
dev/cajeta/logging/TextEncoder.ll	34	ule->ult	SURVIVED	dev.cajeta.logging.TextEncoder::encode(this:pointer,r:dev.cajeta.logging.LogRecord)
dev/cajeta/logging/TextEncoder.ll	34	ule->ult	SURVIVED	dev.cajeta.logging.TextEncoder::encode(this:pointer,r:dev.cajeta.logging.LogRecord)
dev/cajeta/logging/TextEncoder.ll	34	ule->ult	SURVIVED	dev.cajeta.logging.TextEncoder::encode(this:pointer,r:dev.cajeta.logging.LogRecord)
dev/cajeta/logging/TextEncoder.ll	34	ule->ult	SURVIVED	dev.cajeta.logging.TextEncoder::encode(this:pointer,r:dev.cajeta.logging.LogRecord)
dev/cajeta/logging/TextEncoder.ll	34	ule->ult	SURVIVED	dev.cajeta.logging.TextEncoder::encode(this:pointer,r:dev.cajeta.logging.LogRecord)
dev/cajeta/logging/TextEncoder.ll	34	ule->ult	SURVIVED	dev.cajeta.logging.TextEncoder::encode(this:pointer,r:dev.cajeta.logging.LogRecord)
dev/cajeta/logging/TextEncoder.ll	34	ule->ult	SURVIVED	dev.cajeta.logging.TextEncoder::encode(this:pointer,r:dev.cajeta.logging.LogRecord)
dev/cajeta/logging/TextEncoder.ll	34	ule->ult	SURVIVED	dev.cajeta.logging.TextEncoder::encode(this:pointer,r:dev.cajeta.logging.LogRecord)
dev/cajeta/logging/TextEncoder.ll	34	ule->ult	SURVIVED	dev.cajeta.logging.TextEncoder::encode(this:pointer,r:dev.cajeta.logging.LogRecord)
dev/cajeta/logging/TextEncoder.ll	44	ule->ult	SURVIVED	dev.cajeta.logging.TextEncoder::padLevel(name:cajeta.lang.String)
dev/cajeta/logging/TextEncoder.ll	44	ule->ult	SURVIVED	dev.cajeta.logging.TextEncoder::padLevel(name:cajeta.lang.String)
dev/cajeta/logging/TextEncoder.ll	44	ule->ult	SURVIVED	dev.cajeta.logging.TextEncoder::padLevel(name:cajeta.lang.String)
dev/cajeta/logging/TextEncoder.ll	45	slt->sle	SURVIVED	dev.cajeta.logging.TextEncoder::padLevel(name:cajeta.lang.String)
dev/cajeta/logging/TextEncoder.ll	46	ule->ult	SURVIVED	dev.cajeta.logging.TextEncoder::padLevel(name:cajeta.lang.String)
dev/cajeta/logging/TextEncoder.ll	46	ule->ult	SURVIVED	dev.cajeta.logging.TextEncoder::padLevel(name:cajeta.lang.String)
dev/cajeta/logging/TextEncoder.ll	46	ule->ult	SURVIVED	dev.cajeta.logging.TextEncoder::padLevel(name:cajeta.lang.String)
